Timestamp,ENSEM_ENSAIA/Centrale mesure générale-puissance active totale (kW)
7 févr. 2024 08:29:39 CET,"51,1"
7 févr. 2024 08:29:54 CET,"50,5"
7 févr. 2024 08:30:17 CET,"50,1"
7 févr. 2024 08:30:25 CET,"50,3"
7 févr. 2024 08:30:40 CET,"50,1"
7 févr. 2024 08:30:55 CET,"50,3"
7 févr. 2024 08:31:10 CET,"50,7"
7 févr. 2024 08:31:25 CET,"52,1"
7 févr. 2024 08:31:40 CET,"53,6"
7 févr. 2024 08:31:55 CET,"51,9"
7 févr. 2024 08:32:10 CET,"52,8"
7 févr. 2024 08:32:25 CET,"52,4"
7 févr. 2024 08:32:40 CET,"51,8"
7 févr. 2024 08:32:55 CET,"48,8"
7 févr. 2024 08:33:10 CET,"49,5"
7 févr. 2024 08:33:25 CET,"49,1"
7 févr. 2024 08:33:41 CET,"49,2"
7 févr. 2024 08:33:56 CET,"48,7"
7 févr. 2024 08:34:11 CET,"49,7"
7 févr. 2024 08:34:26 CET,"50,2"
7 févr. 2024 08:34:41 CET,"49,6"
7 févr. 2024 08:34:56 CET,"49,3"
7 févr. 2024 08:35:11 CET,"49,1"
7 févr. 2024 08:35:41 CET,"49,4"
7 févr. 2024 08:35:56 CET,"49,5"
7 févr. 2024 08:36:11 CET,"50,3"
7 févr. 2024 08:36:26 CET,"49,9"
7 févr. 2024 08:36:41 CET,"50,1"
7 févr. 2024 08:37:11 CET,"52,3"
7 févr. 2024 08:37:27 CET,"50,8"
7 févr. 2024 08:37:42 CET,"50,6"
7 févr. 2024 08:37:57 CET,"54,2"
7 févr. 2024 08:38:12 CET,"53,8"
7 févr. 2024 08:38:27 CET,"53,5"
7 févr. 2024 08:38:44 CET,"54,4"
7 févr. 2024 08:39:14 CET,"55,0"
7 févr. 2024 08:39:29 CET,"51,1"
7 févr. 2024 08:39:59 CET,"50,6"
7 févr. 2024 08:40:14 CET,"51,2"
7 févr. 2024 08:40:29 CET,"50,0"
7 févr. 2024 08:40:45 CET,"49,7"
7 févr. 2024 08:41:00 CET,"49,9"
7 févr. 2024 08:41:15 CET,"49,7"
7 févr. 2024 08:41:45 CET,"49,9"
7 févr. 2024 08:42:00 CET,"49,6"
7 févr. 2024 08:42:30 CET,"49,8"
7 févr. 2024 08:42:45 CET,"54,2"
7 févr. 2024 08:43:00 CET,"55,7"
7 févr. 2024 08:43:15 CET,"54,6"
7 févr. 2024 08:43:30 CET,"55,0"
7 févr. 2024 08:43:45 CET,"54,5"
7 févr. 2024 08:44:00 CET,"54,6"
7 févr. 2024 08:44:16 CET,"54,5"
7 févr. 2024 08:44:31 CET,"55,0"
7 févr. 2024 08:44:46 CET,"57,4"
7 févr. 2024 08:45:16 CET,"57,0"
7 févr. 2024 08:45:31 CET,"57,5"
7 févr. 2024 08:45:46 CET,"58,1"
7 févr. 2024 08:46:01 CET,"57,3"
7 févr. 2024 08:46:16 CET,"55,0"
7 févr. 2024 08:46:46 CET,"54,8"
7 févr. 2024 08:47:02 CET,"54,9"
7 févr. 2024 08:47:17 CET,"54,0"
7 févr. 2024 08:47:32 CET,"54,1"
7 févr. 2024 08:47:47 CET,"53,0"
7 févr. 2024 08:48:02 CET,"53,3"
7 févr. 2024 08:48:17 CET,"53,6"
7 févr. 2024 08:48:32 CET,"53,8"
7 févr. 2024 08:48:47 CET,"53,2"
7 févr. 2024 08:49:02 CET,"53,0"
7 févr. 2024 08:49:17 CET,"53,7"
7 févr. 2024 08:49:32 CET,"54,0"
7 févr. 2024 08:49:47 CET,"53,7"
7 févr. 2024 08:50:02 CET,"55,2"
7 févr. 2024 08:50:18 CET,"54,6"
7 févr. 2024 08:50:33 CET,"55,4"
7 févr. 2024 08:50:48 CET,"54,7"
7 févr. 2024 08:51:03 CET,"54,8"
7 févr. 2024 08:51:18 CET,"54,5"
7 févr. 2024 08:51:33 CET,"58,1"
7 févr. 2024 08:51:48 CET,"57,7"
7 févr. 2024 08:52:03 CET,"58,0"
7 févr. 2024 08:52:18 CET,"58,3"
7 févr. 2024 08:52:33 CET,"57,9"
7 févr. 2024 08:52:48 CET,"56,7"
7 févr. 2024 08:53:03 CET,"54,7"
7 févr. 2024 08:53:18 CET,"54,9"
7 févr. 2024 08:53:34 CET,"55,2"
7 févr. 2024 08:53:49 CET,"54,8"
7 févr. 2024 08:54:04 CET,"55,1"
7 févr. 2024 08:54:19 CET,"54,1"
7 févr. 2024 08:54:34 CET,"55,2"
7 févr. 2024 08:54:49 CET,"53,9"
7 févr. 2024 08:55:04 CET,"54,0"
7 févr. 2024 08:55:19 CET,"53,8"
7 févr. 2024 08:55:34 CET,"54,4"
7 févr. 2024 08:55:49 CET,"54,3"
7 févr. 2024 08:56:19 CET,"54,0"
7 févr. 2024 08:56:35 CET,"55,1"
7 févr. 2024 08:56:50 CET,"55,3"
7 févr. 2024 08:57:21 CET,"54,9"
7 févr. 2024 08:58:06 CET,"57,4"
7 févr. 2024 08:58:38 CET,"57,8"
7 févr. 2024 08:58:53 CET,"58,0"
7 févr. 2024 08:59:23 CET,"55,5"
7 févr. 2024 08:59:38 CET,"55,6"
7 févr. 2024 08:59:53 CET,"55,4"
7 févr. 2024 09:00:08 CET,"55,0"
7 févr. 2024 09:00:24 CET,"55,9"
7 févr. 2024 09:00:54 CET,"55,8"
7 févr. 2024 09:01:09 CET,"55,9"
7 févr. 2024 09:01:24 CET,"55,0"
7 févr. 2024 09:01:54 CET,"55,3"
7 févr. 2024 09:02:09 CET,"55,1"
7 févr. 2024 09:02:39 CET,"54,6"
7 févr. 2024 09:02:54 CET,"55,2"
7 févr. 2024 09:03:24 CET,"56,2"
7 févr. 2024 09:03:39 CET,"55,2"
7 févr. 2024 09:03:54 CET,"55,0"
7 févr. 2024 09:04:09 CET,"55,3"
7 févr. 2024 09:04:25 CET,"56,1"
7 févr. 2024 09:04:40 CET,"56,4"
7 févr. 2024 09:04:55 CET,"56,8"
7 févr. 2024 09:05:10 CET,"56,2"
7 févr. 2024 09:05:25 CET,"56,3"
7 févr. 2024 09:05:40 CET,"56,0"
7 févr. 2024 09:05:55 CET,"56,7"
7 févr. 2024 09:06:10 CET,"53,9"
7 févr. 2024 09:06:25 CET,"54,1"
7 févr. 2024 09:06:40 CET,"53,1"
7 févr. 2024 09:06:55 CET,"53,6"
7 févr. 2024 09:07:10 CET,"54,1"
7 févr. 2024 09:07:25 CET,"53,3"
7 févr. 2024 09:07:56 CET,"54,0"
7 févr. 2024 09:08:11 CET,"54,3"
7 févr. 2024 09:08:26 CET,"54,2"
7 févr. 2024 09:08:41 CET,"53,6"
7 févr. 2024 09:08:56 CET,"53,4"
7 févr. 2024 09:09:11 CET,"54,2"
7 févr. 2024 09:09:26 CET,"55,2"
7 févr. 2024 09:09:41 CET,"54,0"
7 févr. 2024 09:10:11 CET,"53,9"
7 févr. 2024 09:10:26 CET,"53,7"
7 févr. 2024 09:10:41 CET,"54,1"
7 févr. 2024 09:11:11 CET,"54,5"
7 févr. 2024 09:11:26 CET,"56,5"
7 févr. 2024 09:11:42 CET,"57,1"
7 févr. 2024 09:11:57 CET,"57,3"
7 févr. 2024 09:12:12 CET,"57,6"
7 févr. 2024 09:12:42 CET,"56,6"
7 févr. 2024 09:12:57 CET,"53,8"
7 févr. 2024 09:13:12 CET,"54,8"
7 févr. 2024 09:13:27 CET,"52,8"
7 févr. 2024 09:13:42 CET,"53,0"
7 févr. 2024 09:13:57 CET,"46,8"
7 févr. 2024 09:14:12 CET,"47,4"
7 févr. 2024 09:14:27 CET,"50,3"
7 févr. 2024 09:14:42 CET,"50,0"
7 févr. 2024 09:14:57 CET,"49,6"
7 févr. 2024 09:15:15 CET,"49,8"
7 févr. 2024 09:15:28 CET,"50,1"
7 févr. 2024 09:15:43 CET,"50,5"
7 févr. 2024 09:15:58 CET,"50,2"
7 févr. 2024 09:16:13 CET,"50,6"
7 févr. 2024 09:16:28 CET,"50,2"
7 févr. 2024 09:16:43 CET,"50,5"
7 févr. 2024 09:16:58 CET,"50,4"
7 févr. 2024 09:17:13 CET,"50,9"
7 févr. 2024 09:17:28 CET,"50,6"
7 févr. 2024 09:17:43 CET,"50,3"
7 févr. 2024 09:17:58 CET,"50,1"
7 févr. 2024 09:18:14 CET,"54,1"
7 févr. 2024 09:18:29 CET,"53,1"
7 févr. 2024 09:18:44 CET,"52,6"
7 févr. 2024 09:18:59 CET,"52,5"
7 févr. 2024 09:19:14 CET,"53,0"
7 févr. 2024 09:19:29 CET,"53,3"
7 févr. 2024 09:19:44 CET,"50,5"
7 févr. 2024 09:19:59 CET,"49,8"
7 févr. 2024 09:20:14 CET,"49,4"
7 févr. 2024 09:20:44 CET,"49,5"
7 févr. 2024 09:20:59 CET,"49,3"
7 févr. 2024 09:21:14 CET,"50,5"
7 févr. 2024 09:21:30 CET,"49,9"
7 févr. 2024 09:21:45 CET,"50,9"
7 févr. 2024 09:22:15 CET,"52,7"
7 févr. 2024 09:22:30 CET,"52,6"
7 févr. 2024 09:22:45 CET,"52,2"
7 févr. 2024 09:23:00 CET,"52,0"
7 févr. 2024 09:23:15 CET,"53,1"
7 févr. 2024 09:23:30 CET,"53,4"
7 févr. 2024 09:23:45 CET,"52,7"
7 févr. 2024 09:24:00 CET,"52,9"
7 févr. 2024 09:24:15 CET,"54,3"
7 févr. 2024 09:24:30 CET,"53,6"
7 févr. 2024 09:24:45 CET,"55,9"
7 févr. 2024 09:25:01 CET,"56,0"
7 févr. 2024 09:25:16 CET,"56,6"
7 févr. 2024 09:25:31 CET,"57,2"
7 févr. 2024 09:25:46 CET,"57,3"
7 févr. 2024 09:26:01 CET,"56,3"
7 févr. 2024 09:26:16 CET,"53,4"
7 févr. 2024 09:26:31 CET,"52,6"
7 févr. 2024 09:26:46 CET,"52,9"
7 févr. 2024 09:27:01 CET,"51,1"
7 févr. 2024 09:27:16 CET,"51,7"
7 févr. 2024 09:27:31 CET,"51,8"
7 févr. 2024 09:27:46 CET,"48,8"
7 févr. 2024 09:28:01 CET,"48,6"
7 févr. 2024 09:28:16 CET,"49,4"
7 févr. 2024 09:28:32 CET,"49,2"
7 févr. 2024 09:28:47 CET,"48,7"
7 févr. 2024 09:29:02 CET,"48,9"
7 févr. 2024 09:29:17 CET,"48,3"
7 févr. 2024 09:29:32 CET,"48,8"
7 févr. 2024 09:29:47 CET,"48,4"
7 févr. 2024 09:30:17 CET,"53,8"
7 févr. 2024 09:30:17 CET,"50,7"
7 févr. 2024 09:30:32 CET,"49,5"
7 févr. 2024 09:30:47 CET,"50,1"
7 févr. 2024 09:31:02 CET,"51,7"
7 févr. 2024 09:31:17 CET,"53,5"
7 févr. 2024 09:31:32 CET,"58,4"
7 févr. 2024 09:31:48 CET,"59,1"
7 févr. 2024 09:32:03 CET,"58,5"
7 févr. 2024 09:32:18 CET,"58,7"
7 févr. 2024 09:32:48 CET,"57,6"
7 févr. 2024 09:33:03 CET,"56,4"
7 févr. 2024 09:33:18 CET,"58,3"
7 févr. 2024 09:33:33 CET,"57,3"
7 févr. 2024 09:33:48 CET,"55,0"
7 févr. 2024 09:34:03 CET,"57,5"
7 févr. 2024 09:34:18 CET,"56,5"
7 févr. 2024 09:34:33 CET,"57,5"
7 févr. 2024 09:34:48 CET,"57,2"
7 févr. 2024 09:35:03 CET,"53,6"
7 févr. 2024 09:35:18 CET,"55,4"
7 févr. 2024 09:35:34 CET,"59,1"
7 févr. 2024 09:35:49 CET,"58,4"
7 févr. 2024 09:36:04 CET,"53,6"
7 févr. 2024 09:36:19 CET,"58,5"
7 févr. 2024 09:36:34 CET,"57,2"
7 févr. 2024 09:36:49 CET,"57,6"
7 févr. 2024 09:37:04 CET,"58,7"
7 févr. 2024 09:37:19 CET,"59,1"
7 févr. 2024 09:37:34 CET,"57,7"
7 févr. 2024 09:37:49 CET,"58,3"
7 févr. 2024 09:38:04 CET,"60,1"
7 févr. 2024 09:38:19 CET,"59,7"
7 févr. 2024 09:38:34 CET,"60,1"
7 févr. 2024 09:38:49 CET,"60,5"
7 févr. 2024 09:39:05 CET,"61,1"
7 févr. 2024 09:39:20 CET,"59,8"
7 févr. 2024 09:39:35 CET,"57,8"
7 févr. 2024 09:40:05 CET,"56,5"
7 févr. 2024 09:40:20 CET,"57,2"
7 févr. 2024 09:40:35 CET,"57,3"
7 févr. 2024 09:40:50 CET,"57,4"
7 févr. 2024 09:41:05 CET,"55,9"
7 févr. 2024 09:41:20 CET,"56,7"
7 févr. 2024 09:41:50 CET,"58,3"
7 févr. 2024 09:42:05 CET,"57,0"
7 févr. 2024 09:42:20 CET,"55,6"
7 févr. 2024 09:42:35 CET,"57,0"
7 févr. 2024 09:42:51 CET,"58,3"
7 févr. 2024 09:43:06 CET,"59,2"
7 févr. 2024 09:43:21 CET,"57,9"
7 févr. 2024 09:43:36 CET,"57,3"
7 févr. 2024 09:43:51 CET,"59,6"
7 févr. 2024 09:44:06 CET,"60,1"
7 févr. 2024 09:44:36 CET,"62,7"
7 févr. 2024 09:44:51 CET,"61,9"
7 févr. 2024 09:45:17 CET,"61,3"
7 févr. 2024 09:45:21 CET,"60,5"
7 févr. 2024 09:45:36 CET,"61,8"
7 févr. 2024 09:45:52 CET,"63,3"
7 févr. 2024 09:46:07 CET,"59,1"
7 févr. 2024 09:46:22 CET,"58,5"
7 févr. 2024 09:46:37 CET,"57,6"
7 févr. 2024 09:46:52 CET,"57,0"
7 févr. 2024 09:47:07 CET,"54,5"
7 févr. 2024 09:47:23 CET,"58,8"
7 févr. 2024 09:47:37 CET,"58,2"
7 févr. 2024 09:47:52 CET,"58,5"
7 févr. 2024 09:48:07 CET,"60,3"
7 févr. 2024 09:48:22 CET,"58,6"
7 févr. 2024 09:48:37 CET,"55,2"
7 févr. 2024 09:48:52 CET,"56,1"
7 févr. 2024 09:49:07 CET,"55,1"
7 févr. 2024 09:49:22 CET,"55,6"
7 févr. 2024 09:49:38 CET,"56,2"
7 févr. 2024 09:49:53 CET,"56,4"
7 févr. 2024 09:50:08 CET,"56,8"
7 févr. 2024 09:50:23 CET,"55,5"
7 févr. 2024 09:50:38 CET,"56,8"
7 févr. 2024 09:50:53 CET,"58,0"
7 févr. 2024 09:51:08 CET,"60,6"
7 févr. 2024 09:51:23 CET,"60,0"
7 févr. 2024 09:51:38 CET,"61,6"
7 févr. 2024 09:51:53 CET,"60,8"
7 févr. 2024 09:52:08 CET,"60,6"
7 févr. 2024 09:52:23 CET,"58,3"
7 févr. 2024 09:52:38 CET,"57,8"
7 févr. 2024 09:52:54 CET,"59,0"
7 févr. 2024 09:53:09 CET,"59,8"
7 févr. 2024 09:53:24 CET,"54,8"
7 févr. 2024 09:53:39 CET,"57,2"
7 févr. 2024 09:53:54 CET,"58,5"
7 févr. 2024 09:54:09 CET,"58,1"
7 févr. 2024 09:54:24 CET,"56,0"
7 févr. 2024 09:54:39 CET,"59,0"
7 févr. 2024 09:54:54 CET,"57,9"
7 févr. 2024 09:55:09 CET,"57,6"
7 févr. 2024 09:55:24 CET,"57,2"
7 févr. 2024 09:55:39 CET,"54,7"
7 févr. 2024 09:55:54 CET,"58,3"
7 févr. 2024 09:56:09 CET,"57,2"
7 févr. 2024 09:56:24 CET,"56,9"
7 févr. 2024 09:56:39 CET,"56,7"
7 févr. 2024 09:56:55 CET,"55,4"
7 févr. 2024 09:57:10 CET,"56,5"
7 févr. 2024 09:57:25 CET,"57,4"
7 févr. 2024 09:57:41 CET,"57,7"
7 févr. 2024 09:57:56 CET,"54,9"
7 févr. 2024 09:58:11 CET,"58,2"
7 févr. 2024 09:58:26 CET,"61,5"
7 févr. 2024 09:58:41 CET,"62,2"
7 févr. 2024 09:58:56 CET,"59,9"
7 févr. 2024 09:59:11 CET,"58,9"
7 févr. 2024 09:59:26 CET,"58,1"
7 févr. 2024 09:59:41 CET,"57,6"
7 févr. 2024 09:59:56 CET,"53,8"
7 févr. 2024 10:00:17 CET,"55,2"
7 févr. 2024 10:00:26 CET,"53,1"
7 févr. 2024 10:00:57 CET,"53,9"
7 févr. 2024 10:01:12 CET,"54,8"
7 févr. 2024 10:01:27 CET,"54,6"
7 févr. 2024 10:01:57 CET,"53,6"
7 févr. 2024 10:02:12 CET,"53,5"
7 févr. 2024 10:02:27 CET,"51,4"
7 févr. 2024 10:02:42 CET,"51,7"
7 févr. 2024 10:02:57 CET,"55,1"
7 févr. 2024 10:03:12 CET,"57,3"
7 févr. 2024 10:03:27 CET,"52,8"
7 févr. 2024 10:03:43 CET,"53,7"
7 févr. 2024 10:03:58 CET,"55,8"
7 févr. 2024 10:04:13 CET,"54,8"
7 févr. 2024 10:04:28 CET,"53,2"
7 févr. 2024 10:04:43 CET,"49,0"
7 févr. 2024 10:04:58 CET,"52,8"
7 févr. 2024 10:05:13 CET,"56,3"
7 févr. 2024 10:05:43 CET,"58,5"
7 févr. 2024 10:05:58 CET,"58,3"
7 févr. 2024 10:06:13 CET,"59,1"
7 févr. 2024 10:06:28 CET,"55,8"
7 févr. 2024 10:06:43 CET,"52,0"
7 févr. 2024 10:06:59 CET,"54,5"
7 févr. 2024 10:07:14 CET,"53,3"
7 févr. 2024 10:07:29 CET,"53,5"
7 févr. 2024 10:07:59 CET,"49,7"
7 févr. 2024 10:08:14 CET,"51,6"
7 févr. 2024 10:08:29 CET,"55,9"
7 févr. 2024 10:08:59 CET,"52,0"
7 févr. 2024 10:09:14 CET,"54,2"
7 févr. 2024 10:09:29 CET,"59,4"
7 févr. 2024 10:09:44 CET,"58,0"
7 févr. 2024 10:09:59 CET,"54,5"
7 févr. 2024 10:10:14 CET,"56,4"
7 févr. 2024 10:10:29 CET,"59,0"
7 févr. 2024 10:10:45 CET,"57,6"
7 févr. 2024 10:11:00 CET,"57,1"
7 févr. 2024 10:11:15 CET,"54,5"
7 févr. 2024 10:11:30 CET,"57,2"
7 févr. 2024 10:11:45 CET,"58,8"
7 févr. 2024 10:12:00 CET,"60,1"
7 févr. 2024 10:12:15 CET,"59,7"
7 févr. 2024 10:12:30 CET,"53,7"
7 févr. 2024 10:12:45 CET,"57,0"
7 févr. 2024 10:13:00 CET,"56,4"
7 févr. 2024 10:13:15 CET,"53,6"
7 févr. 2024 10:13:30 CET,"52,6"
7 févr. 2024 10:13:45 CET,"53,3"
7 févr. 2024 10:14:16 CET,"55,7"
7 févr. 2024 10:14:31 CET,"53,2"
7 févr. 2024 10:14:46 CET,"52,2"
7 févr. 2024 10:15:16 CET,"55,9"
7 févr. 2024 10:15:31 CET,"53,5"
7 févr. 2024 10:15:46 CET,"50,9"
7 févr. 2024 10:16:01 CET,"53,9"
7 févr. 2024 10:16:16 CET,"54,4"
7 févr. 2024 10:16:31 CET,"51,4"
7 févr. 2024 10:17:01 CET,"55,1"
7 févr. 2024 10:17:16 CET,"56,5"
7 févr. 2024 10:17:47 CET,"53,5"
7 févr. 2024 10:18:02 CET,"49,5"
7 févr. 2024 10:18:17 CET,"54,0"
7 févr. 2024 10:18:32 CET,"55,3"
7 févr. 2024 10:18:47 CET,"51,4"
7 févr. 2024 10:19:02 CET,"53,3"
7 févr. 2024 10:19:17 CET,"57,7"
7 févr. 2024 10:19:32 CET,"58,0"
7 févr. 2024 10:19:47 CET,"55,1"
7 févr. 2024 10:20:02 CET,"52,7"
7 févr. 2024 10:20:17 CET,"55,4"
7 févr. 2024 10:20:32 CET,"52,8"
7 févr. 2024 10:20:47 CET,"50,7"
7 févr. 2024 10:21:02 CET,"49,0"
7 févr. 2024 10:21:17 CET,"50,7"
7 févr. 2024 10:21:33 CET,"56,0"
7 févr. 2024 10:21:48 CET,"55,4"
7 févr. 2024 10:22:03 CET,"52,4"
7 févr. 2024 10:22:18 CET,"51,0"
7 févr. 2024 10:22:33 CET,"52,3"
7 févr. 2024 10:22:48 CET,"53,2"
7 févr. 2024 10:23:03 CET,"50,3"
7 févr. 2024 10:23:18 CET,"48,8"
7 févr. 2024 10:23:33 CET,"51,4"
7 févr. 2024 10:23:48 CET,"53,6"
7 févr. 2024 10:24:03 CET,"49,5"
7 févr. 2024 10:24:18 CET,"47,9"
7 févr. 2024 10:24:33 CET,"51,4"
7 févr. 2024 10:24:48 CET,"52,6"
7 févr. 2024 10:25:03 CET,"52,3"
7 févr. 2024 10:25:19 CET,"50,2"
7 févr. 2024 10:25:34 CET,"47,3"
7 févr. 2024 10:25:49 CET,"54,3"
7 févr. 2024 10:26:04 CET,"57,0"
7 févr. 2024 10:26:19 CET,"54,5"
7 févr. 2024 10:26:34 CET,"52,5"
7 févr. 2024 10:26:49 CET,"53,2"
7 févr. 2024 10:27:04 CET,"54,7"
7 févr. 2024 10:27:19 CET,"52,8"
7 févr. 2024 10:27:34 CET,"50,6"
7 févr. 2024 10:27:49 CET,"55,4"
7 févr. 2024 10:28:04 CET,"54,9"
7 févr. 2024 10:28:34 CET,"53,0"
7 févr. 2024 10:28:50 CET,"50,8"
7 févr. 2024 10:29:05 CET,"51,7"
7 févr. 2024 10:29:20 CET,"54,8"
7 févr. 2024 10:29:35 CET,"53,3"
7 févr. 2024 10:29:50 CET,"52,2"
7 févr. 2024 10:30:16 CET,"54,6"
7 févr. 2024 10:30:20 CET,"57,0"
7 févr. 2024 10:30:35 CET,"52,9"
7 févr. 2024 10:30:50 CET,"51,2"
7 févr. 2024 10:31:05 CET,"54,4"
7 févr. 2024 10:31:20 CET,"54,1"
7 févr. 2024 10:31:35 CET,"56,0"
7 févr. 2024 10:31:51 CET,"54,5"
7 févr. 2024 10:32:06 CET,"53,9"
7 févr. 2024 10:32:21 CET,"57,4"
7 févr. 2024 10:32:36 CET,"57,1"
7 févr. 2024 10:32:51 CET,"55,2"
7 févr. 2024 10:33:06 CET,"53,1"
7 févr. 2024 10:33:36 CET,"55,0"
7 févr. 2024 10:33:51 CET,"53,2"
7 févr. 2024 10:34:06 CET,"50,8"
7 févr. 2024 10:34:21 CET,"50,4"
7 févr. 2024 10:34:36 CET,"54,8"
7 févr. 2024 10:34:51 CET,"54,6"
7 févr. 2024 10:35:06 CET,"52,5"
7 févr. 2024 10:35:21 CET,"49,9"
7 févr. 2024 10:35:37 CET,"56,4"
7 févr. 2024 10:35:52 CET,"58,2"
7 févr. 2024 10:36:07 CET,"55,2"
7 févr. 2024 10:36:22 CET,"51,4"
7 févr. 2024 10:36:37 CET,"53,5"
7 févr. 2024 10:36:52 CET,"54,3"
7 févr. 2024 10:37:07 CET,"51,6"
7 févr. 2024 10:37:22 CET,"49,9"
7 févr. 2024 10:37:37 CET,"53,1"
7 févr. 2024 10:37:52 CET,"55,6"
7 févr. 2024 10:38:07 CET,"53,1"
7 févr. 2024 10:38:22 CET,"55,2"
7 févr. 2024 10:38:37 CET,"54,3"
7 févr. 2024 10:38:52 CET,"57,4"
7 févr. 2024 10:39:07 CET,"57,9"
7 févr. 2024 10:39:22 CET,"55,5"
7 févr. 2024 10:39:38 CET,"54,0"
7 févr. 2024 10:39:53 CET,"54,7"
7 févr. 2024 10:40:08 CET,"56,6"
7 févr. 2024 10:40:23 CET,"54,6"
7 févr. 2024 10:40:38 CET,"52,1"
7 févr. 2024 10:40:53 CET,"51,7"
7 févr. 2024 10:41:08 CET,"55,1"
7 févr. 2024 10:41:23 CET,"54,2"
7 févr. 2024 10:41:38 CET,"53,4"
7 févr. 2024 10:41:53 CET,"55,6"
7 févr. 2024 10:42:08 CET,"60,5"
7 févr. 2024 10:42:23 CET,"59,4"
7 févr. 2024 10:42:38 CET,"57,4"
7 févr. 2024 10:42:53 CET,"54,4"
7 févr. 2024 10:43:08 CET,"55,8"
7 févr. 2024 10:43:24 CET,"60,6"
7 févr. 2024 10:43:39 CET,"59,4"
7 févr. 2024 10:43:54 CET,"57,3"
7 févr. 2024 10:44:09 CET,"57,6"
7 févr. 2024 10:44:24 CET,"59,8"
7 févr. 2024 10:44:39 CET,"62,2"
7 févr. 2024 10:44:54 CET,"58,8"
7 févr. 2024 10:45:16 CET,"60,7"
7 févr. 2024 10:45:24 CET,"63,0"
7 févr. 2024 10:45:39 CET,"67,4"
7 févr. 2024 10:45:54 CET,"63,4"
7 févr. 2024 10:46:09 CET,"63,6"
7 févr. 2024 10:46:25 CET,"69,2"
7 févr. 2024 10:46:40 CET,"68,0"
7 févr. 2024 10:46:55 CET,"66,6"
7 févr. 2024 10:47:10 CET,"61,4"
7 févr. 2024 10:47:25 CET,"60,2"
7 févr. 2024 10:47:40 CET,"66,2"
7 févr. 2024 10:47:55 CET,"67,1"
7 févr. 2024 10:48:10 CET,"61,9"
7 févr. 2024 10:48:25 CET,"63,3"
7 févr. 2024 10:48:40 CET,"67,3"
7 févr. 2024 10:48:55 CET,"64,8"
7 févr. 2024 10:49:10 CET,"61,3"
7 févr. 2024 10:49:25 CET,"60,5"
7 févr. 2024 10:49:40 CET,"63,1"
7 févr. 2024 10:49:55 CET,"65,7"
7 févr. 2024 10:50:11 CET,"67,0"
7 févr. 2024 10:50:26 CET,"64,2"
7 févr. 2024 10:50:41 CET,"65,8"
7 févr. 2024 10:50:56 CET,"67,5"
7 févr. 2024 10:51:11 CET,"69,7"
7 févr. 2024 10:51:26 CET,"65,3"
7 févr. 2024 10:51:41 CET,"65,6"
7 févr. 2024 10:51:56 CET,"68,8"
7 févr. 2024 10:52:11 CET,"64,9"
7 févr. 2024 10:52:26 CET,"57,6"
7 févr. 2024 10:52:41 CET,"56,5"
7 févr. 2024 10:52:56 CET,"60,6"
7 févr. 2024 10:53:11 CET,"60,9"
7 févr. 2024 10:53:26 CET,"59,7"
7 févr. 2024 10:53:41 CET,"55,3"
7 févr. 2024 10:53:57 CET,"56,3"
7 févr. 2024 10:54:12 CET,"61,0"
7 févr. 2024 10:54:27 CET,"60,7"
7 févr. 2024 10:54:42 CET,"55,1"
7 févr. 2024 10:54:57 CET,"54,5"
7 févr. 2024 10:55:12 CET,"56,0"
7 févr. 2024 10:55:27 CET,"56,2"
7 févr. 2024 10:55:42 CET,"52,6"
7 févr. 2024 10:55:57 CET,"53,6"
7 févr. 2024 10:56:12 CET,"56,7"
7 févr. 2024 10:56:27 CET,"56,3"
7 févr. 2024 10:56:42 CET,"52,5"
7 févr. 2024 10:56:57 CET,"51,4"
7 févr. 2024 10:57:12 CET,"52,2"
7 févr. 2024 10:57:27 CET,"56,3"
7 févr. 2024 10:57:43 CET,"58,4"
7 févr. 2024 10:57:59 CET,"57,8"
7 févr. 2024 10:58:14 CET,"53,9"
7 févr. 2024 10:58:29 CET,"55,7"
7 févr. 2024 10:58:44 CET,"56,4"
7 févr. 2024 10:58:59 CET,"55,2"
7 févr. 2024 10:59:14 CET,"50,6"
7 févr. 2024 10:59:29 CET,"51,0"
7 févr. 2024 10:59:44 CET,"55,8"
7 févr. 2024 10:59:59 CET,"56,0"
7 févr. 2024 11:00:16 CET,"51,6"
7 févr. 2024 11:00:29 CET,"50,9"
7 févr. 2024 11:00:44 CET,"51,9"
7 févr. 2024 11:01:00 CET,"54,0"
7 févr. 2024 11:01:15 CET,"56,0"
7 févr. 2024 11:01:30 CET,"56,1"
7 févr. 2024 11:01:45 CET,"55,3"
7 févr. 2024 11:02:00 CET,"60,0"
7 févr. 2024 11:02:15 CET,"61,7"
7 févr. 2024 11:02:30 CET,"58,2"
7 févr. 2024 11:02:45 CET,"54,6"
7 févr. 2024 11:03:00 CET,"59,7"
7 févr. 2024 11:03:15 CET,"58,0"
7 févr. 2024 11:03:30 CET,"58,4"
7 févr. 2024 11:03:45 CET,"60,8"
7 févr. 2024 11:04:00 CET,"63,1"
7 févr. 2024 11:04:15 CET,"63,6"
7 févr. 2024 11:04:30 CET,"65,3"
7 févr. 2024 11:04:46 CET,"62,3"
7 févr. 2024 11:05:01 CET,"57,8"
7 févr. 2024 11:05:16 CET,"64,2"
7 févr. 2024 11:05:46 CET,"62,1"
7 févr. 2024 11:06:01 CET,"60,8"
7 févr. 2024 11:06:16 CET,"63,9"
7 févr. 2024 11:06:31 CET,"66,0"
7 févr. 2024 11:06:46 CET,"65,5"
7 févr. 2024 11:07:01 CET,"60,1"
7 févr. 2024 11:07:16 CET,"61,6"
7 févr. 2024 11:07:31 CET,"66,0"
7 févr. 2024 11:07:46 CET,"64,4"
7 févr. 2024 11:08:01 CET,"63,8"
7 févr. 2024 11:08:17 CET,"64,2"
7 févr. 2024 11:08:32 CET,"65,6"
7 févr. 2024 11:08:47 CET,"64,9"
7 févr. 2024 11:09:02 CET,"61,1"
7 févr. 2024 11:09:17 CET,"58,3"
7 févr. 2024 11:09:32 CET,"61,8"
7 févr. 2024 11:09:47 CET,"65,0"
7 févr. 2024 11:10:02 CET,"62,1"
7 févr. 2024 11:10:17 CET,"60,2"
7 févr. 2024 11:10:32 CET,"64,4"
7 févr. 2024 11:10:47 CET,"67,3"
7 févr. 2024 11:11:02 CET,"63,1"
7 févr. 2024 11:11:17 CET,"57,3"
7 févr. 2024 11:11:32 CET,"60,3"
7 févr. 2024 11:11:47 CET,"63,7"
7 févr. 2024 11:12:03 CET,"62,3"
7 févr. 2024 11:12:18 CET,"59,7"
7 févr. 2024 11:12:33 CET,"58,4"
7 févr. 2024 11:12:48 CET,"60,3"
7 févr. 2024 11:13:03 CET,"62,1"
7 févr. 2024 11:13:18 CET,"58,9"
7 févr. 2024 11:13:33 CET,"57,2"
7 févr. 2024 11:13:48 CET,"60,9"
7 févr. 2024 11:14:03 CET,"63,2"
7 févr. 2024 11:14:18 CET,"61,3"
7 févr. 2024 11:14:33 CET,"58,6"
7 févr. 2024 11:14:48 CET,"59,7"
7 févr. 2024 11:15:16 CET,"64,9"
7 févr. 2024 11:15:19 CET,"62,0"
7 févr. 2024 11:15:34 CET,"64,2"
7 févr. 2024 11:15:49 CET,"60,5"
7 févr. 2024 11:16:04 CET,"64,1"
7 févr. 2024 11:16:19 CET,"65,6"
7 févr. 2024 11:16:34 CET,"65,0"
7 févr. 2024 11:16:49 CET,"62,6"
7 févr. 2024 11:17:04 CET,"64,5"
7 févr. 2024 11:17:19 CET,"65,7"
7 févr. 2024 11:17:34 CET,"63,0"
7 févr. 2024 11:17:49 CET,"61,5"
7 févr. 2024 11:18:04 CET,"61,0"
7 févr. 2024 11:18:20 CET,"64,2"
7 févr. 2024 11:18:35 CET,"63,6"
7 févr. 2024 11:19:05 CET,"59,7"
7 févr. 2024 11:19:20 CET,"60,5"
7 févr. 2024 11:19:35 CET,"61,9"
7 févr. 2024 11:19:50 CET,"60,5"
7 févr. 2024 11:20:05 CET,"57,5"
7 févr. 2024 11:20:20 CET,"57,3"
7 févr. 2024 11:20:35 CET,"61,9"
7 févr. 2024 11:20:50 CET,"61,2"
7 févr. 2024 11:21:05 CET,"56,5"
7 févr. 2024 11:21:20 CET,"54,6"
7 févr. 2024 11:21:35 CET,"59,3"
7 févr. 2024 11:21:51 CET,"64,5"
7 févr. 2024 11:22:06 CET,"61,4"
7 févr. 2024 11:22:21 CET,"61,8"
7 févr. 2024 11:22:36 CET,"62,9"
7 févr. 2024 11:22:51 CET,"66,2"
7 févr. 2024 11:23:06 CET,"67,3"
7 févr. 2024 11:23:21 CET,"62,4"
7 févr. 2024 11:23:36 CET,"61,7"
7 févr. 2024 11:23:51 CET,"63,4"
7 févr. 2024 11:24:06 CET,"65,6"
7 févr. 2024 11:24:21 CET,"60,6"
7 févr. 2024 11:24:36 CET,"61,0"
7 févr. 2024 11:24:51 CET,"64,9"
7 févr. 2024 11:25:06 CET,"64,8"
7 févr. 2024 11:25:22 CET,"60,2"
7 févr. 2024 11:25:37 CET,"61,8"
7 févr. 2024 11:25:52 CET,"66,5"
7 févr. 2024 11:26:07 CET,"63,9"
7 févr. 2024 11:26:22 CET,"60,8"
7 févr. 2024 11:26:37 CET,"63,1"
7 févr. 2024 11:26:52 CET,"60,3"
7 févr. 2024 11:27:07 CET,"64,1"
7 févr. 2024 11:27:22 CET,"63,9"
7 févr. 2024 11:27:37 CET,"61,9"
7 févr. 2024 11:27:52 CET,"63,1"
7 févr. 2024 11:28:07 CET,"61,1"
7 févr. 2024 11:28:22 CET,"60,8"
7 févr. 2024 11:28:37 CET,"62,7"
7 févr. 2024 11:28:52 CET,"63,5"
7 févr. 2024 11:29:08 CET,"61,9"
7 févr. 2024 11:29:23 CET,"63,3"
7 févr. 2024 11:29:38 CET,"63,7"
7 févr. 2024 11:29:53 CET,"55,7"
7 févr. 2024 11:30:16 CET,"57,0"
7 févr. 2024 11:30:23 CET,"59,8"
7 févr. 2024 11:30:38 CET,"59,5"
7 févr. 2024 11:30:53 CET,"55,3"
7 févr. 2024 11:31:08 CET,"56,2"
7 févr. 2024 11:31:23 CET,"58,3"
7 févr. 2024 11:31:38 CET,"58,2"
7 févr. 2024 11:31:53 CET,"53,9"
7 févr. 2024 11:32:08 CET,"55,7"
7 févr. 2024 11:32:24 CET,"53,7"
7 févr. 2024 11:32:39 CET,"58,6"
7 févr. 2024 11:33:09 CET,"52,6"
7 févr. 2024 11:33:39 CET,"57,5"
7 févr. 2024 11:33:54 CET,"58,0"
7 févr. 2024 11:34:09 CET,"53,6"
7 févr. 2024 11:34:24 CET,"52,7"
7 févr. 2024 11:34:39 CET,"57,0"
7 févr. 2024 11:34:54 CET,"60,7"
7 févr. 2024 11:35:09 CET,"56,4"
7 févr. 2024 11:35:25 CET,"56,2"
7 févr. 2024 11:35:40 CET,"52,6"
7 févr. 2024 11:35:55 CET,"57,3"
7 févr. 2024 11:36:10 CET,"57,0"
7 févr. 2024 11:36:25 CET,"49,8"
7 févr. 2024 11:36:40 CET,"53,6"
7 févr. 2024 11:36:55 CET,"52,8"
7 févr. 2024 11:37:10 CET,"53,1"
7 févr. 2024 11:37:25 CET,"49,0"
7 févr. 2024 11:37:40 CET,"49,2"
7 févr. 2024 11:37:55 CET,"53,6"
7 févr. 2024 11:38:10 CET,"54,3"
7 févr. 2024 11:38:25 CET,"49,7"
7 févr. 2024 11:38:40 CET,"49,1"
7 févr. 2024 11:38:55 CET,"52,2"
7 févr. 2024 11:39:11 CET,"53,1"
7 févr. 2024 11:39:41 CET,"50,0"
7 févr. 2024 11:39:56 CET,"48,9"
7 févr. 2024 11:40:11 CET,"52,4"
7 févr. 2024 11:40:26 CET,"53,3"
7 févr. 2024 11:40:41 CET,"50,8"
7 févr. 2024 11:40:56 CET,"49,9"
7 févr. 2024 11:41:11 CET,"53,9"
7 févr. 2024 11:41:26 CET,"56,5"
7 févr. 2024 11:41:41 CET,"53,5"
7 févr. 2024 11:41:56 CET,"52,9"
7 févr. 2024 11:42:11 CET,"55,5"
7 févr. 2024 11:42:26 CET,"57,0"
7 févr. 2024 11:42:42 CET,"52,4"
7 févr. 2024 11:42:57 CET,"51,2"
7 févr. 2024 11:43:12 CET,"53,0"
7 févr. 2024 11:43:27 CET,"51,1"
7 févr. 2024 11:43:42 CET,"55,6"
7 févr. 2024 11:43:57 CET,"54,5"
7 févr. 2024 11:44:12 CET,"51,6"
7 févr. 2024 11:44:27 CET,"53,5"
7 févr. 2024 11:44:42 CET,"56,2"
7 févr. 2024 11:44:57 CET,"54,1"
7 févr. 2024 11:45:17 CET,"51,3"
7 févr. 2024 11:45:27 CET,"52,2"
7 févr. 2024 11:45:42 CET,"55,3"
7 févr. 2024 11:45:57 CET,"53,8"
7 févr. 2024 11:46:12 CET,"48,9"
7 févr. 2024 11:46:28 CET,"50,1"
7 févr. 2024 11:46:43 CET,"53,3"
7 févr. 2024 11:46:58 CET,"52,3"
7 févr. 2024 11:47:13 CET,"48,9"
7 févr. 2024 11:47:28 CET,"50,2"
7 févr. 2024 11:47:43 CET,"54,2"
7 févr. 2024 11:47:58 CET,"53,8"
7 févr. 2024 11:48:13 CET,"51,9"
7 févr. 2024 11:48:28 CET,"48,6"
7 févr. 2024 11:48:43 CET,"49,3"
7 févr. 2024 11:48:58 CET,"52,4"
7 févr. 2024 11:49:13 CET,"50,0"
7 févr. 2024 11:49:28 CET,"45,9"
7 févr. 2024 11:49:43 CET,"46,7"
7 févr. 2024 11:49:59 CET,"50,4"
7 févr. 2024 11:50:14 CET,"48,8"
7 févr. 2024 11:50:29 CET,"46,3"
7 févr. 2024 11:50:59 CET,"50,4"
7 févr. 2024 11:51:14 CET,"49,2"
7 févr. 2024 11:51:44 CET,"46,5"
7 févr. 2024 11:51:59 CET,"45,6"
7 févr. 2024 11:52:14 CET,"51,3"
7 févr. 2024 11:52:29 CET,"49,4"
7 févr. 2024 11:52:44 CET,"46,1"
7 févr. 2024 11:52:59 CET,"46,5"
7 févr. 2024 11:53:14 CET,"51,0"
7 févr. 2024 11:53:30 CET,"49,3"
7 févr. 2024 11:53:45 CET,"48,2"
7 févr. 2024 11:54:00 CET,"49,1"
7 févr. 2024 11:54:15 CET,"53,3"
7 févr. 2024 11:54:30 CET,"51,8"
7 févr. 2024 11:54:45 CET,"52,4"
7 févr. 2024 11:55:00 CET,"48,6"
7 févr. 2024 11:55:15 CET,"45,4"
7 févr. 2024 11:55:30 CET,"49,8"
7 févr. 2024 11:55:45 CET,"49,5"
7 févr. 2024 11:56:00 CET,"46,0"
7 févr. 2024 11:56:30 CET,"47,3"
7 févr. 2024 11:56:45 CET,"49,1"
7 févr. 2024 11:57:00 CET,"45,4"
7 févr. 2024 11:57:16 CET,"44,8"
7 févr. 2024 11:57:31 CET,"45,2"
7 févr. 2024 11:57:46 CET,"44,3"
7 févr. 2024 11:58:01 CET,"45,3"
7 févr. 2024 11:58:16 CET,"45,0"
7 févr. 2024 11:58:31 CET,"44,5"
7 févr. 2024 11:58:46 CET,"42,6"
7 févr. 2024 11:59:01 CET,"43,4"
7 févr. 2024 11:59:16 CET,"42,9"
7 févr. 2024 11:59:31 CET,"44,7"
7 févr. 2024 11:59:47 CET,"43,7"
7 févr. 2024 12:00:17 CET,"45,6"
7 févr. 2024 12:00:32 CET,"46,1"
7 févr. 2024 12:00:47 CET,"47,3"
7 févr. 2024 12:01:02 CET,"47,8"
7 févr. 2024 12:01:17 CET,"45,3"
7 févr. 2024 12:01:32 CET,"44,8"
7 févr. 2024 12:01:47 CET,"46,0"
7 févr. 2024 12:02:02 CET,"45,7"
7 févr. 2024 12:02:17 CET,"45,0"
7 févr. 2024 12:03:33 CET,"45,8"
7 févr. 2024 12:03:48 CET,"45,6"
7 févr. 2024 12:04:03 CET,"44,9"
7 févr. 2024 12:04:18 CET,"43,2"
7 févr. 2024 12:04:33 CET,"44,0"
7 févr. 2024 12:04:48 CET,"43,6"
7 févr. 2024 12:05:18 CET,"42,7"
7 févr. 2024 12:05:33 CET,"43,0"
7 févr. 2024 12:05:48 CET,"43,2"
7 févr. 2024 12:06:03 CET,"43,8"
7 févr. 2024 12:06:19 CET,"45,7"
7 févr. 2024 12:06:49 CET,"45,8"
7 févr. 2024 12:07:04 CET,"45,4"
7 févr. 2024 12:07:19 CET,"45,7"
7 févr. 2024 12:07:34 CET,"46,0"
7 févr. 2024 12:07:49 CET,"42,8"
7 févr. 2024 12:08:04 CET,"42,9"
7 févr. 2024 12:08:19 CET,"42,0"
7 févr. 2024 12:08:34 CET,"42,3"
7 févr. 2024 12:08:49 CET,"43,0"
7 févr. 2024 12:09:04 CET,"42,4"
7 févr. 2024 12:09:19 CET,"42,0"
7 févr. 2024 12:09:34 CET,"42,5"
7 févr. 2024 12:10:05 CET,"42,0"
7 févr. 2024 12:10:20 CET,"42,2"
7 févr. 2024 12:10:35 CET,"43,2"
7 févr. 2024 12:10:50 CET,"42,7"
7 févr. 2024 12:11:05 CET,"43,1"
7 févr. 2024 12:11:20 CET,"42,8"
7 févr. 2024 12:11:35 CET,"43,3"
7 févr. 2024 12:11:50 CET,"43,4"
7 févr. 2024 12:12:05 CET,"42,9"
7 févr. 2024 12:12:20 CET,"42,3"
7 févr. 2024 12:12:35 CET,"45,4"
7 févr. 2024 12:12:50 CET,"45,2"
7 févr. 2024 12:13:05 CET,"45,1"
7 févr. 2024 12:13:20 CET,"44,1"
7 févr. 2024 12:13:36 CET,"44,6"
7 févr. 2024 12:13:51 CET,"44,1"
7 févr. 2024 12:14:06 CET,"42,4"
7 févr. 2024 12:14:21 CET,"42,9"
7 févr. 2024 12:14:36 CET,"42,5"
7 févr. 2024 12:14:51 CET,"42,7"
7 févr. 2024 12:15:17 CET,"42,5"
7 févr. 2024 12:15:21 CET,"41,8"
7 févr. 2024 12:15:36 CET,"42,7"
7 févr. 2024 12:15:51 CET,"42,0"
7 févr. 2024 12:16:06 CET,"42,3"
7 févr. 2024 12:16:21 CET,"42,5"
7 févr. 2024 12:16:37 CET,"43,2"
7 févr. 2024 12:16:52 CET,"42,3"
7 févr. 2024 12:17:07 CET,"41,8"
7 févr. 2024 12:17:22 CET,"42,3"
7 févr. 2024 12:17:37 CET,"43,9"
7 févr. 2024 12:17:52 CET,"43,2"
7 févr. 2024 12:18:07 CET,"42,3"
7 févr. 2024 12:18:22 CET,"41,8"
7 févr. 2024 12:18:52 CET,"45,3"
7 févr. 2024 12:19:07 CET,"46,0"
7 févr. 2024 12:19:22 CET,"45,0"
7 févr. 2024 12:19:52 CET,"45,7"
7 févr. 2024 12:20:08 CET,"44,9"
7 févr. 2024 12:20:23 CET,"43,7"
7 févr. 2024 12:20:38 CET,"44,1"
7 févr. 2024 12:21:08 CET,"42,8"
7 févr. 2024 12:21:23 CET,"43,8"
7 févr. 2024 12:21:38 CET,"43,2"
7 févr. 2024 12:21:53 CET,"44,6"
7 févr. 2024 12:22:08 CET,"42,5"
7 févr. 2024 12:22:23 CET,"43,1"
7 févr. 2024 12:22:38 CET,"42,8"
7 févr. 2024 12:22:53 CET,"43,2"
7 févr. 2024 12:23:08 CET,"41,5"
7 févr. 2024 12:23:23 CET,"41,8"
7 févr. 2024 12:23:38 CET,"41,7"
7 févr. 2024 12:23:53 CET,"43,1"
7 févr. 2024 12:24:08 CET,"42,4"
7 févr. 2024 12:24:39 CET,"41,7"
7 févr. 2024 12:24:54 CET,"42,2"
7 févr. 2024 12:25:09 CET,"44,6"
7 févr. 2024 12:25:24 CET,"44,8"
7 févr. 2024 12:25:39 CET,"44,0"
7 févr. 2024 12:25:54 CET,"45,0"
7 févr. 2024 12:26:09 CET,"47,1"
7 févr. 2024 12:26:25 CET,"43,3"
7 févr. 2024 12:26:40 CET,"44,2"
7 févr. 2024 12:26:55 CET,"45,7"
7 févr. 2024 12:27:10 CET,"46,2"
7 févr. 2024 12:27:25 CET,"44,9"
7 févr. 2024 12:27:40 CET,"45,1"
7 févr. 2024 12:27:55 CET,"46,8"
7 févr. 2024 12:28:25 CET,"45,1"
7 févr. 2024 12:28:40 CET,"45,7"
7 févr. 2024 12:28:56 CET,"45,9"
7 févr. 2024 12:29:11 CET,"46,7"
7 févr. 2024 12:29:26 CET,"46,8"
7 févr. 2024 12:29:41 CET,"45,3"
7 févr. 2024 12:30:11 CET,"46,9"
7 févr. 2024 12:30:26 CET,"45,4"
7 févr. 2024 12:30:56 CET,"44,2"
7 févr. 2024 12:31:11 CET,"46,6"
7 févr. 2024 12:31:26 CET,"46,0"
7 févr. 2024 12:31:41 CET,"46,2"
7 févr. 2024 12:31:57 CET,"47,3"
7 févr. 2024 12:32:12 CET,"47,2"
7 févr. 2024 12:32:27 CET,"46,3"
7 févr. 2024 12:32:42 CET,"42,8"
7 févr. 2024 12:32:57 CET,"44,1"
7 févr. 2024 12:33:12 CET,"44,7"
7 févr. 2024 12:33:27 CET,"42,6"
7 févr. 2024 12:33:42 CET,"42,5"
7 févr. 2024 12:33:57 CET,"43,5"
7 févr. 2024 12:34:12 CET,"42,7"
7 févr. 2024 12:34:42 CET,"43,3"
7 févr. 2024 12:34:57 CET,"44,4"
7 févr. 2024 12:35:12 CET,"43,8"
7 févr. 2024 12:35:27 CET,"44,1"
7 févr. 2024 12:35:58 CET,"46,4"
7 févr. 2024 12:36:13 CET,"44,7"
7 févr. 2024 12:36:28 CET,"45,0"
7 févr. 2024 12:36:43 CET,"43,8"
7 févr. 2024 12:36:58 CET,"42,4"
7 févr. 2024 12:37:13 CET,"44,6"
7 févr. 2024 12:37:28 CET,"44,1"
7 févr. 2024 12:37:43 CET,"43,4"
7 févr. 2024 12:37:58 CET,"47,0"
7 févr. 2024 12:38:13 CET,"46,2"
7 févr. 2024 12:38:28 CET,"47,1"
7 févr. 2024 12:38:43 CET,"45,2"
7 févr. 2024 12:38:58 CET,"46,2"
7 févr. 2024 12:39:13 CET,"46,0"
7 févr. 2024 12:39:29 CET,"42,2"
7 févr. 2024 12:39:44 CET,"44,4"
7 févr. 2024 12:40:14 CET,"43,3"
7 févr. 2024 12:40:29 CET,"42,4"
7 févr. 2024 12:40:44 CET,"43,3"
7 févr. 2024 12:40:59 CET,"44,2"
7 févr. 2024 12:41:14 CET,"42,9"
7 févr. 2024 12:41:29 CET,"42,2"
7 févr. 2024 12:41:44 CET,"42,3"
7 févr. 2024 12:41:59 CET,"42,7"
7 févr. 2024 12:42:14 CET,"43,1"
7 févr. 2024 12:42:29 CET,"42,9"
7 févr. 2024 12:42:45 CET,"43,4"
7 févr. 2024 12:43:00 CET,"44,3"
7 févr. 2024 12:43:15 CET,"43,2"
7 févr. 2024 12:43:30 CET,"42,7"
7 févr. 2024 12:43:45 CET,"42,4"
7 févr. 2024 12:44:00 CET,"42,1"
7 févr. 2024 12:44:15 CET,"41,6"
7 févr. 2024 12:44:30 CET,"44,5"
7 févr. 2024 12:44:45 CET,"44,1"
7 févr. 2024 12:45:16 CET,"44,8"
7 févr. 2024 12:45:30 CET,"43,4"
7 févr. 2024 12:45:46 CET,"43,9"
7 févr. 2024 12:46:01 CET,"44,9"
7 févr. 2024 12:46:16 CET,"41,6"
7 févr. 2024 12:46:31 CET,"41,0"
7 févr. 2024 12:46:46 CET,"41,5"
7 févr. 2024 12:47:01 CET,"42,5"
7 févr. 2024 12:47:16 CET,"42,2"
7 févr. 2024 12:47:31 CET,"42,6"
7 févr. 2024 12:47:46 CET,"42,1"
7 févr. 2024 12:48:01 CET,"41,9"
7 févr. 2024 12:48:16 CET,"42,0"
7 févr. 2024 12:48:31 CET,"41,7"
7 févr. 2024 12:48:47 CET,"41,4"
7 févr. 2024 12:49:02 CET,"41,8"
7 févr. 2024 12:49:17 CET,"42,8"
7 févr. 2024 12:49:32 CET,"41,7"
7 févr. 2024 12:49:47 CET,"41,9"
7 févr. 2024 12:50:02 CET,"42,9"
7 févr. 2024 12:50:17 CET,"42,6"
7 févr. 2024 12:50:32 CET,"42,5"
7 févr. 2024 12:50:47 CET,"43,6"
7 févr. 2024 12:51:02 CET,"44,0"
7 févr. 2024 12:51:17 CET,"44,3"
7 févr. 2024 12:51:32 CET,"44,1"
7 févr. 2024 12:51:47 CET,"46,0"
7 févr. 2024 12:52:03 CET,"46,9"
7 févr. 2024 12:52:18 CET,"43,8"
7 févr. 2024 12:52:33 CET,"44,0"
7 févr. 2024 12:52:48 CET,"43,4"
7 févr. 2024 12:53:03 CET,"44,3"
7 févr. 2024 12:53:18 CET,"43,6"
7 févr. 2024 12:53:33 CET,"45,1"
7 févr. 2024 12:53:48 CET,"44,0"
7 févr. 2024 12:54:03 CET,"44,6"
7 févr. 2024 12:54:18 CET,"44,7"
7 févr. 2024 12:54:33 CET,"44,8"
7 févr. 2024 12:54:48 CET,"42,1"
7 févr. 2024 12:55:03 CET,"43,3"
7 févr. 2024 12:55:18 CET,"43,2"
7 févr. 2024 12:55:33 CET,"43,4"
7 févr. 2024 12:55:49 CET,"42,1"
7 févr. 2024 12:56:04 CET,"43,0"
7 févr. 2024 12:56:19 CET,"43,4"
7 févr. 2024 12:56:34 CET,"43,0"
7 févr. 2024 12:56:49 CET,"45,6"
7 févr. 2024 12:57:04 CET,"45,9"
7 févr. 2024 12:57:19 CET,"46,6"
